<?xml version="1.0" encoding="UTF-8"?>
<project-private xmlns="http://www.netbeans.org/ns/project-private/1">
    <editor-bookmarks xmlns="http://www.netbeans.org/ns/editor-bookmarks/2" lastBookmarkId="0"/>
    <open-files xmlns="http://www.netbeans.org/ns/projectui-open-files/2">
        <group>
            <file>file:/C:/Users/s541904/Documents/NetBeansProjects/Question8/src/Abstract/Chicken.java</file>
            <file>file:/C:/Users/s541904/Documents/NetBeansProjects/Question8/src/Abstract/Cat.java</file>
            <file>file:/C:/Users/s541904/Documents/NetBeansProjects/Question8/src/Abstract/MainClass.java</file>
            <file>file:/C:/Users/s541904/Documents/NetBeansProjects/Question8/src/Abstract/Dog.java</file>
            <file>file:/C:/Users/s541904/Documents/NetBeansProjects/Question8/src/Abstract/Duck.java</file>
        </group>
    </open-files>
</project-private>
